,Time Stamp,LUT ID,Satellite ID,Pass ID,Type,Beacon ID,Rx Time,Time Offset (ns),Frequency (Hz),Freq Offset (Hz),Freq Bandwidth (Hz),CNR (dB-Hz),SNR (dB-Hz),Mod Index (rad),Short Msg Index,FS Message Index,FS Bit Offset,Bit Errors Fsynch,Bit Rate (bps),Beacon Message
1,2020/081 22:44:11.869,3166,217,759,1,A79C0 00000 00001,2020/081 22:44:11.869,0,406062420.5,0,2.861,41.072,43.665,1.254,0.246,0,78,0,400.037,FFFE2F 53CE00 000000 000D14 8E508E 32A51A
2,2020/081 22:43:19.658,3166,217,759,1,A79C0 00000 00001,2020/081 22:43:19.658,0,406062420.3,0,2.861,40.647,43.005,1.261,0.265,0,78,0,400.022,FFFE2F 53CE00 000000 000D14 8E5094 AA9D74
3,2020/081 22:40:50.888,3166,217,759,1,A79C0 00000 00001,2020/081 22:40:50.888,0,406062420.8,0,2.861,30.989,32.629,1.289,0.287,0,79,0,399.929,FFFE2F 53CE00 000000 000D14 8E50D4 513003
4,2020/081 22:40:00.069,3166,217,759,1,A79C0 00000 00001,2020/081 22:40:00.069,0,406062420,0,2.861,37.101,39.103,1.289,0.323,0,78,0,399.945,FFFE2F 53CE00 000000 000D14 8E50A9 FABE4F
5,2020/081 22:39:10.201,3166,217,759,1,A79C0 00000 00001,2020/081 22:39:10.201,0,406062419.6,0,2.861,40.001,37.746,1.341,0.31,0,5004,1,399.683,FFF62F 53CE00 000000 000D14 8E5051 69A88A
6,2020/081 22:38:19.999,3166,217,759,1,A79C0 00000 00001,2020/081 22:38:19.999,0,406062419.2,0,5.722,35.759,37.136,1.3,0.176,0,4999,3,400.068,FFFE28 53CE00 000000 000D14 8E50E5 F22951
7,2020/081 22:37:29.557,3166,217,759,1,A79C0 00000 00001,2020/081 22:37:29.557,0,406062420.3,0,2.861,36.328,37.8,1.285,0.338,0,4999,0,400.099,FFFE2F 53CE00 000000 000D14 8E5003 063A39
8,2020/081 22:36:38.783,3166,217,759,1,A79C0 00000 00001,2020/081 22:36:38.783,0,406062419.6,0,3.815,34.87,38.033,1.298,0.234,0,78,0,400.006,FFFE2F 53CE00 000000 000D14 8E5023 50B21C
9,2020/081 22:35:48.248,3166,217,759,1,A79C0 00000 00001,2020/081 22:35:48.248,0,406062420.5,0,2.861,35.562,37.493,1.293,0.335,0,5000,0,399.945,FFFE2F 53CE00 000000 000D14 8E5171 E12285
10,2020/081 22:34:56.809,3166,217,759,1,A79C0 00000 00001,2020/081 22:34:56.809,0,406062420.6,0,2.861,34.299,35.909,1.294,0.348,0,5002,0,399.868,FFFE2F 53CE00 000000 000D14 8E50D6 892989
11,2020/081 22:34:05.657,3166,217,759,1,A79C0 00000 00001,2020/081 22:34:05.657,0,406062420.5,0,2.861,35.283,38.661,1.295,0.334,0,78,0,400.052,FFFE2F 53CE00 000000 000D14 8E50D5 0EA4EA
12,2020/081 22:33:16.860,3166,217,759,1,A79C0 00000 00001,2020/081 22:33:16.860,0,406062420,0,5.722,36.065,38.126,1.304,0.209,0,78,0,400.022,FFFE2F 53CE00 000000 000D14 8E5060 B2EEC8
13,2020/081 22:32:27.311,3166,217,759,1,A79C0 00000 00001,2020/081 22:32:27.311,0,406062421.5,0,2.861,37.632,39.861,1.273,0.312,0,3125,0,400.037,FFFE2F 53CE00 000000 000D14 8E5071 95BD1A
14,2020/081 22:31:37.789,3166,217,759,1,A79C0 00000 00001,2020/081 22:31:37.789,0,406062421.9,0,2.861,38.02,39.566,1.274,0.307,0,4999,0,400.022,FFFE2F 53CE00 000000 000D14 8E503E 6E110B
15,2020/081 22:30:46.665,3166,217,759,1,A79C0 00000 00001,2020/081 22:30:46.665,0,406062422.1,0,2.861,39.42,41.744,1.265,0.286,0,77,0,400.022,FFFE2F 53CE00 000000 000D14 8E5075 00D7B8
16,2020/081 22:29:57.882,3166,217,759,1,A79C0 00000 00001,2020/081 22:29:57.882,0,406062423.1,0,2.861,39.516,41.502,1.266,0.278,0,5001,0,400.022,FFFE2F 53CE00 000000 000D14 8E5055 81FC60
17,2020/081 22:29:08.101,3166,217,759,1,A79C0 00000 00001,2020/081 22:29:08.101,0,406062423.8,0,2.861,40.144,42.504,1.299,0.262,1,5000,3,400.022,F8FE2F 53CE00 000000 000D14 8E50AF EAFE77
18,2020/081 22:28:19.321,3166,217,759,1,A79C0 00000 00001,2020/081 22:28:19.321,0,406062424.8,0,2.861,41.252,43.53,1.255,0.272,0,78,0,400.052,FFFE2F 53CE00 000000 000D14 8E50EC 0BF293
19,2020/081 22:27:30.850,3166,217,759,1,A79C0 00000 00001,2020/081 22:27:30.850,0,406062425.8,0,2.861,35.903,38.629,1.285,0.313,0,5000,0,399.96,FFFE2F 53CE00 000000 000D14 8E5048 11A67A
20,2020/081 22:26:38.749,3166,217,759,1,A79C0 00000 00001,2020/081 22:26:38.749,0,406062429,0,2.861,39.313,41.858,1.259,0.264,0,5000,0,399.975,FFFE2F 53CE00 000000 000D14 8E5068 4B2BDD
21,2020/081 22:25:47.981,3166,217,759,1,A79C0 00000 00001,2020/081 22:25:47.981,0,406062428.3,0,2.861,41.035,42.732,1.251,0.235,0,5000,0,399.991,FFFE2F 53CE00 000000 000D14 8E5013 030D84
22,2020/081 22:19:56.108,3166,217,759,1,A79C0 00000 00001,2020/081 22:19:56.108,0,406062446.7,0,2.861,40.493,42.258,1.292,0.243,0,5001,0,399.96,FFFE2F 43CE00 000000 000D14 8E5011 2000CF
23,2020/081 22:19:07.657,3166,217,759,1,A79C0 00000 00001,2020/081 22:19:07.657,0,406062449.6,0,2.861,41.07,42.262,1.253,0.233,0,5000,0,399.991,FFFE2F 53CE00 000000 000D14 8E5080 6516D3
24,2020/081 22:18:16.494,3166,217,759,1,A79C0 00000 00001,2020/081 22:18:16.494,0,406062450.5,0,2.861,39.879,42.058,1.252,0.256,0,5000,0,400.037,FFFE2F 53CE00 000000 000D14 8E5068 288CBF
25,2020/081 22:17:27.383,3166,217,759,1,A79C0 00000 00001,2020/081 22:17:27.383,0,406062453.8,0,3.815,41.729,43.269,1.248,0.109,0,79,0,399.991,FFFE2F 53CE00 000000 000D14 8E50E0 D1867C
26,2020/081 22:16:37.533,3166,217,759,1,A79C0 00000 00001,2020/081 22:16:37.533,0,406062456.2,0,2.861,40.744,42.934,1.253,0.275,0,4999,0,400.052,FFFE2F 53CE00 000000 000D14 8E50A7 121015
27,2020/081 22:15:49.029,3166,217,759,1,A79C0 00000 00001,2020/081 22:15:49.029,0,406062458.3,0,2.861,41.195,42.724,1.252,0.267,0,5001,0,399.991,FFFE2F 53CE00 000000 000D14 8E5038 E8B20B
28,2020/081 22:15:00.599,3166,217,759,1,A79C0 00000 00001,2020/081 22:15:00.599,0,406062460.9,0,2.861,36.598,38.118,1.291,0.339,0,4961,0,399.96,FFFE2F 53CE00 000000 000D14 8E5089 6F7731
29,2020/081 22:14:08.448,3166,217,759,1,A79C0 00000 00001,2020/081 22:14:08.448,0,406062461.6,0,2.861,41.433,43.167,1.248,0.241,0,5000,0,400.006,FFFE2F 53CE00 000000 000D14 8E50CA 85C89F
30,2020/081 22:13:18.964,3166,217,759,1,A79C0 00000 00001,2020/081 22:13:18.964,0,406062462.5,0,2.861,40.039,42.114,1.251,0.25,0,5000,0,400.022,FFFE2F 53CE00 000000 000D14 8E5017 08D47E
31,2020/081 22:12:30.546,3166,217,759,1,A79C0 00000 00001,2020/081 22:12:30.546,0,406062460.4,0,4.768,37.085,38.176,1.311,0.273,0,4999,0,400.099,FFFE2F 0BCE00 000000 000D14 8E50B5 9042FA
32,2020/081 22:11:41.089,3166,217,759,1,A79C0 00000 00001,2020/081 22:11:41.089,0,406062461.6,0,2.861,40.991,42.913,1.249,0.215,0,5000,0,399.991,FFFE2F 53CE00 000000 000D14 8E5080 88213E
33,2020/081 22:10:50.234,3166,217,759,1,A79C0 00000 00001,2020/081 22:10:50.234,0,406062461.5,0,5.722,41.653,40.519,1.284,0.163,0,-390,3,400.022,FF8E2F 53CE00 000000 000D14 8E509E 22843D
34,2020/081 22:09:58.732,3166,217,759,1,A79C0 00000 00001,2020/081 22:09:58.732,0,406062462.6,0,2.861,40.85,42.65,1.246,0.215,0,5000,0,399.991,FFFE2F 53CE00 000000 000D14 8E502C DF62C6
35,2020/081 22:09:08.237,3166,217,759,1,A79C0 00000 00001,2020/081 22:09:08.237,0,406062463.6,0,2.861,41.614,43.006,1.248,0.228,0,5000,0,399.975,FFFE2F 53CE00 000000 000D14 8E50DF C0ACC9
36,2020/081 22:08:18.365,3166,217,759,1,A79C0 00000 00001,2020/081 22:08:18.365,0,406062465.9,0,2.861,41.035,42.683,1.248,0.248,0,5000,0,400.037,FFFE2F 53CE00 000000 000D14 8E5016 891467
37,2020/081 22:07:28.850,3166,217,759,1,A79C0 00000 00001,2020/081 22:07:28.850,0,406062468.7,0,2.861,41.078,42.484,1.248,0.236,0,5000,0,400.022,FFFE2F 53CE00 000000 000D14 8E5029 C3EBE6
38,2020/081 22:06:36.967,3166,217,759,1,A79C0 00000 00001,2020/081 22:06:36.967,0,406062471.1,0,3.815,42.646,44.602,1.312,0.199,0,75,0,400.083,FFFE2F 53CE00 000000 000D14 8E50FC 92CD2E
39,2020/081 22:05:49.139,3166,217,759,1,A79C0 00000 00001,2020/081 22:05:49.139,0,406062471.9,0,2.861,40.767,43.041,1.275,0.27,0,5000,0,400.022,FFFE2F 13CE00 000000 000D14 8E5018 27A826
40,2020/081 22:04:58.263,3166,217,759,1,A79C0 00000 00001,2020/081 22:04:58.263,0,406062473.4,0,2.861,41.236,43.129,1.249,0.249,0,5000,0,399.975,FFFE2F 53CE00 000000 000D14 8E50D1 A1C2C9
41,2020/081 22:04:08.367,3166,217,759,1,A79C0 00000 00001,2020/081 22:04:08.367,0,406062474.5,0,2.861,41.136,42.752,1.252,0.248,0,4999,0,400.099,FFFE2F 53CE00 000000 000D14 8E502B 7C6AA6
42,2020/081 22:03:16.912,3166,217,759,1,A79C0 00000 00001,2020/081 22:03:16.912,0,406062474.9,0,2.861,41.292,43.073,1.254,0.286,0,5000,0,399.975,FFFE2F 53CE00 000000 000D14 8E50E0 C94EF5
43,2020/081 22:00:45.155,3166,217,759,1,A79C0 00000 00001,2020/081 22:00:45.155,0,406062477.5,0,2.861,40.922,41.613,1.257,0.247,0,5000,0,400.022,FFFE2F 53CE00 000000 000D14 8E5073 E369C6
44,2020/081 21:59:56.618,3166,217,759,1,A79C0 00000 00001,2020/081 21:59:56.618,0,406062478.6,0,2.861,41.277,43.097,1.251,0.234,0,5000,0,400.037,FFFE2F 53CE00 000000 000D14 8E50F9 387297
45,2020/081 21:54:12.590,3166,217,759,1,A79C0 00000 00001,2020/081 21:54:12.590,0,406062481.9,0,2.861,42.138,43.22,1.301,0.282,0,3477,0,399.975,FFFE2F 53CE00 000000 000D14 8E5079 7DA471
46,2020/081 21:53:23.382,3166,217,759,1,A79C0 00000 00001,2020/081 21:53:23.382,0,406062481.9,0,2.861,40.886,42.774,1.285,0.254,0,5000,0,400.022,FFFE2F 53CE00 000000 000D14 8E50B0 0A9E06
47,2020/081 21:52:33.627,3166,217,759,1,A79C0 00000 00001,2020/081 21:52:33.627,0,406062481.6,0,2.861,40.886,42.436,1.258,0.269,0,4999,0,400.068,FFFE2F 53CE00 000000 000D14 8E50DC DF6745
48,2020/081 21:51:44.170,3166,217,759,1,A79C0 00000 00001,2020/081 21:51:44.170,0,406062480.5,0,5.722,41.798,42.622,1.272,0.145,0,-235,0,400.037,FFFE2F 03CE00 000000 000D14 8E508F 8E6420
49,2020/081 21:50:54.386,3166,217,759,1,A79C0 00000 00001,2020/081 21:50:54.386,0,406062481.2,0,2.861,41.75,43.507,1.252,0.269,0,5000,0,400.022,FFFE2F 53CE00 000000 000D14 8E5019 DE95AD
50,2020/081 21:50:04.296,3166,217,759,1,A79C0 00000 00001,2020/081 21:50:04.296,0,406062481.2,0,2.861,41.34,42.569,1.249,0.237,0,5000,0,399.991,FFFE2F 53CE00 000000 000D14 8E50DD A92C2C
51,2020/081 21:49:14.149,3166,217,759,1,A79C0 00000 00001,2020/081 21:49:14.149,0,406062481,0,2.861,41.688,43.106,1.25,0.242,0,5000,0,400.022,FFFE2F 53CE00 000000 000D14 8E5045 F74CDD
52,2020/081 21:48:23.355,3166,217,759,1,A79C0 00000 00001,2020/081 21:48:23.355,0,406062480,0,3.815,41.987,42.9,1.273,0.173,0,78,0,399.975,FFFE2F 53CE00 000000 000D14 8E50BD 43AFEB
53,2020/081 21:47:33.191,3166,217,759,1,A79C0 00000 00001,2020/081 21:47:33.191,0,406062480,0,3.815,40.799,42.221,1.289,0.18,0,78,0,399.991,FFFE2F 53CE00 000000 000D14 8E5028 A1CD30
54,2020/081 21:46:45.315,3166,217,759,1,A79C0 00000 00001,2020/081 21:46:45.315,0,406062480.7,0,2.861,41.407,42.277,1.25,0.251,0,5001,0,400.006,FFFE2F 53CE00 000000 000D14 8E50CA 53EDDC
55,2020/081 21:45:55.795,3166,217,759,1,A79C0 00000 00001,2020/081 21:45:55.795,0,406062479.5,0,2.861,40.763,43.639,1.28,0.319,0,5156,0,399.975,FFFE2F 53CE00 000000 000814 8E5007 DC5CC7
56,2020/081 21:45:07.668,3166,217,759,1,A79C0 00000 00001,2020/081 21:45:07.668,0,406062479.4,0,2.861,40.953,42.383,1.296,0.267,0,3750,0,400.006,FFFE2F 53CE00 000000 000D14 8E50DC FE3D14
57,2020/081 21:44:19.190,3166,217,759,1,A79C0 00000 00001,2020/081 21:44:19.190,0,406062479.8,0,2.861,45.686,45.07,1.316,0.292,0,78,0,399.975,FFFE2F 53CE00 000000 000D14 8E50CB 5ED713
58,2020/081 21:43:29.013,3166,217,759,1,A79C0 00000 00001,2020/081 21:43:29.013,0,406062479,0,2.861,41.47,43.095,1.246,0.252,0,5000,0,400.006,FFFE2F 53CE00 000000 000D14 8E50DE AF596A
59,2020/081 21:42:36.895,3166,217,759,1,A79C0 00000 00001,2020/081 21:42:36.895,0,406062478.4,0,2.861,42.064,43.795,1.252,0.249,0,5390,0,399.975,FFFE2F 53CE00 000000 000D14 8E508E 626361
60,2020/081 21:41:45.667,3166,217,759,1,A79C0 00000 00001,2020/081 21:41:45.667,0,406062478.9,0,2.861,41.257,43.794,1.247,0.245,0,5000,0,400.022,FFFE2F 53CE00 000000 000D14 8E50CD 500F8F
61,2020/081 21:34:10.557,3166,217,759,1,A79C0 00000 00001,2020/081 21:34:10.557,0,406062477.6,0,2.861,41.172,43.919,1.262,0.251,0,5000,0,400.006,FFFE2F 53CE00 000000 000D14 8E50CC 986B5D
62,2020/081 21:33:21.417,3166,217,759,1,A79C0 00000 00001,2020/081 21:33:21.417,0,406062477.9,0,2.861,41.094,43.565,1.254,0.232,0,5000,0,400.022,FFFE2F 53CE00 000000 000D14 8E50A5 A201B9
63,2020/081 21:32:32.315,3166,217,759,1,A79C0 00000 00001,2020/081 21:32:32.315,0,406062477,0,2.861,41.484,43.492,1.248,0.243,0,5000,0,399.991,FFFE2F 53CE00 000000 000D14 8E50AD B5819D
64,2020/081 21:31:42.850,3166,217,759,1,A79C0 00000 00001,2020/081 21:31:42.850,0,406062475.5,0,2.861,42.505,43.857,1.301,0.276,0,3477,0,399.975,FFFE2F 53CE00 000000 000D14 8E501E 8970FD
65,2020/081 21:30:53.300,3166,217,759,1,A79C0 00000 00001,2020/081 21:30:53.300,0,406062475.6,0,2.861,41.832,43.138,1.252,0.271,0,5000,0,400.006,FFFE2F 53CE00 000000 000D14 8E5092 F2EDB7
66,2020/081 21:30:02.542,3166,217,759,1,A79C0 00000 00001,2020/081 21:30:02.542,0,406062474.6,0,2.861,42.491,43.426,1.298,0.258,0,4999,0,400.083,FFFE2F 53CE00 000000 000D14 8E50BC 126446
67,2020/081 21:29:12.704,3166,217,759,1,A79C0 00000 00001,2020/081 21:29:12.704,0,406062475.2,0,2.861,42.02,43.975,1.245,0.227,0,5000,0,400.022,FFFE2F 53CE00 000000 000D14 8E504F A96E9F
68,2020/081 21:28:23.825,3166,217,759,1,A79C0 00000 00001,2020/081 21:28:23.825,0,406062474.8,0,3.815,41.666,43.595,1.247,0.151,0,78,0,400.068,FFFE2F 53CE00 000000 000D14 8E50F3 AD1730
69,2020/081 21:27:35.067,3166,217,759,1,A79C0 00000 00001,2020/081 21:27:35.067,0,406062474.1,0,4.768,42.462,44.117,1.271,0.186,0,78,0,400.068,FFFE2F 504E00 000000 000D14 8E5095 90F11D
70,2020/081 21:26:44.916,3166,217,759,1,A79C0 00000 00001,2020/081 21:26:44.916,0,406062472.4,0,2.861,42.451,43.704,1.276,0.255,0,4999,3,400.022,FFFE21 53CE00 000000 000D14 8E5095 FFFC20
71,2020/081 21:25:53.431,3166,217,759,1,A79C0 00000 00001,2020/081 21:25:53.431,0,406062472,0,3.815,42.196,43.723,1.246,0.171,0,77,0,400.037,FFFE2F 53CE00 000000 000D14 8E5050 979AE0
72,2020/081 21:25:02.256,3166,217,759,1,A79C0 00000 00001,2020/081 21:25:02.256,0,406062471.5,0,2.861,41.782,43.368,1.246,0.237,0,4999,0,400.052,FFFE2F 53CE00 000000 000D14 8E5043 CEC1F1
73,2020/081 21:24:14.138,3166,217,759,1,A79C0 00000 00001,2020/081 21:24:14.138,0,406062470.6,0,2.861,41.044,43.332,1.247,0.241,0,5000,0,400.022,FFFE2F 53CE00 000000 000D14 8E50C9 1AA253
74,2020/081 21:23:22.357,3166,217,759,1,A79C0 00000 00001,2020/081 21:23:22.357,0,406062470.1,0,4.768,41.684,44.2,1.246,0.201,0,78,0,400.037,FFFE2F 53CE00 000000 000D14 8E5064 F3BEA6
75,2020/081 21:22:33.817,3166,217,759,1,A79C0 00000 00001,2020/081 21:22:33.817,0,406062469.2,0,2.861,42.736,43.888,1.243,0.232,0,5000,0,400.037,FFFE2F 53CE00 000000 000D14 8E5A7F 6083DC
76,2020/081 21:18:26.379,3166,217,759,1,A79C0 00000 00001,2020/081 21:18:26.379,0,406062465.8,0,2.861,42.63,44.567,1.246,0.236,0,4999,0,400.022,FFFE2F 53CE00 000000 000D14 8E5001 7A6D20
77,2020/081 21:17:35.232,3166,217,759,1,A79C0 00000 00001,2020/081 21:17:35.232,0,406062465.4,0,3.815,42.312,43.949,1.244,0.125,0,78,0,400.037,FFFE2F 53CE00 000000 000D14 8E50E1 33D1AB
78,2020/081 21:16:46.747,3166,217,759,1,A79C0 00000 00001,2020/081 21:16:46.747,0,406062463.9,0,2.861,42.918,43.648,1.274,0.23,0,5000,0,400.006,FFFE2F 53CE00 000000 000D14 8E50A3 5EC3EF
79,2020/081 21:15:57.257,3166,217,759,1,A79C0 00000 00001,2020/081 21:15:57.257,0,406062464.3,0,2.861,43.04,44.365,1.249,0.253,0,4999,0,400.022,FFFE2F 53CE00 000000 000D14 8E50B9 10F798
80,2020/081 19:42:59.493,3166,217,759,1,A79C0 00000 00001,2020/081 19:42:59.493,0,406062364.3,0,2.861,32.358,33.984,1.31,0.367,0,4997,0,400.129,FFFE2F 534E00 000000 000D14 8E5063 8C4573
81,2020/081 19:42:07.393,3166,217,759,1,A79C0 00000 00001,2020/081 19:42:07.393,0,406062362.8,0,2.861,33.075,35.164,1.306,0.375,0,4961,0,400.022,FFFE2F 53CE00 000000 000D14 8E50CD B3FF33
82,2020/081 19:41:16.625,3166,217,759,1,A79C0 00000 00001,2020/081 19:41:16.625,0,406062359.9,0,4.768,41.287,43.055,1.269,0.201,0,78,0,400.022,FFFE2F 53CE00 000000 000D14 8E508C C4541E
83,2020/081 19:40:26.092,3166,217,759,1,A79C0 00000 00001,2020/081 19:40:26.092,0,406062358.6,0,2.861,41.374,43.244,1.251,0.247,0,5001,0,399.945,FFFE2F 53CE00 000000 000D14 8E5083 AA3D15
84,2020/081 19:39:34.654,3166,217,759,1,A79C0 00000 00001,2020/081 19:39:34.654,0,406062358.3,0,3.815,41.209,42.93,1.249,0.152,0,78,0,400.022,FFFE2F 53CE00 000000 000D14 8E501F 19557A
85,2020/081 19:38:46.120,3166,217,759,1,A79C0 00000 00001,2020/081 19:38:46.120,0,406062354.3,0,2.861,40.479,43.478,1.308,0.254,0,5000,0,399.991,FFFE2F 53C800 000000 000D14 8E5093 EC7FFC
86,2020/081 19:32:56.026,3166,217,759,1,A79C0 00000 00001,2020/081 19:32:56.026,0,406062354.8,0,2.861,41.254,43.527,1.274,0.274,0,5000,0,400.037,FFFE2F 53CE00 000000 000D14 8E5048 BD0B61
87,2020/081 19:32:06.177,3166,217,759,1,A79C0 00000 00001,2020/081 19:32:06.177,0,406062355.3,0,2.861,41.377,43.314,1.248,0.229,0,4999,0,400.037,FFFE2F 53CE00 000000 000D14 8E50D2 64060D
88,2020/081 19:31:17.672,3166,217,759,1,A79C0 00000 00001,2020/081 19:31:17.672,0,406062354.9,0,2.861,41.109,43.252,1.274,0.272,0,5000,0,400.037,FFFE2F 53CE00 000000 000D14 8E50C2 680509
89,2020/081 19:30:29.243,3166,217,759,1,A79C0 00000 00001,2020/081 19:30:29.243,0,406062354.5,0,3.815,41.885,43.02,1.265,0.14,0,79,0,399.991,FFFE2F 53CE00 000000 000D04 8E5063 7DDEDD
90,2020/081 19:29:37.091,3166,217,759,1,A79C0 00000 00001,2020/081 19:29:37.091,0,406062354.7,0,2.861,41.529,42.606,1.283,0.27,0,4453,0,399.975,FFFE2F 53CE00 000000 000D14 8E50B6 1179FD
91,2020/081 19:28:47.607,3166,217,759,1,A79C0 00000 00001,2020/081 19:28:47.607,0,406062357.4,0,3.815,41.943,43.385,1.25,0.145,0,78,0,400.037,FFFE2F 53CE00 000000 000D14 8E50BD 0808CC
92,2020/081 19:26:18.878,3166,217,759,1,A79C0 00000 00001,2020/081 19:26:18.878,0,406062356.6,0,3.815,41.488,43.388,1.249,0.145,0,78,0,400.022,FFFE2F 53CE00 000000 000D14 8E5029 6D0B93
93,2020/081 19:24:36.881,3166,217,759,1,A79C0 00000 00001,2020/081 19:24:36.881,0,406062352.2,0,2.861,41.401,42.941,1.249,0.224,0,5000,0,399.991,FFFE2F 53CE00 000000 000D14 8E5070 7A4DBE
94,2020/081 19:23:47.008,3166,217,759,1,A79C0 00000 00001,2020/081 19:23:47.008,0,406062351.4,0,2.861,41.812,43.248,1.281,0.259,0,5000,2,400.006,FFFE23 53CE00 000000 000D14 8E5060 EB3EDC
95,2020/081 19:22:57.493,3166,217,759,1,A79C0 00000 00001,2020/081 19:22:57.493,0,406062351.1,0,2.861,40.374,42.81,1.247,0.249,0,4999,0,400.099,FFFE2F 53CE00 000000 000D14 8E50DA 4D49D4
96,2020/081 19:22:05.610,3166,217,759,1,A79C0 00000 00001,2020/081 19:22:05.610,0,406062349.8,0,4.768,41.744,43.271,1.273,0.182,0,4999,0,400.068,FFFE2F 53C200 000000 000D14 8E5078 0DDE83
97,2020/081 19:21:17.782,3166,217,759,1,A79C0 00000 00001,2020/081 19:21:17.782,0,406062349.9,0,3.815,41.937,43.162,1.252,0.127,0,77,0,400.022,FFFE2F 53CE00 000000 000D14 8E50F1 0EDE1D
98,2020/081 19:20:26.906,3166,217,759,1,A79C0 00000 00001,2020/081 19:20:26.906,0,406062349.8,0,2.861,41.778,43.364,1.271,0.281,0,4999,0,400.052,FFFE2F 53CE00 000000 000D14 8E50DD 54A1F0
99,2020/081 19:19:37.010,3166,217,759,1,A79C0 00000 00001,2020/081 19:19:37.010,0,406062350.2,0,2.861,41.559,42.949,1.293,0.251,0,3673,0,399.975,FFFE2F 53CE00 000000 000D14 8E500C 37D45F
100,2020/081 19:18:45.555,3166,217,759,1,A79C0 00000 00001,2020/081 19:18:45.555,0,406062348.1,0,2.861,41.414,43.562,1.247,0.229,0,5000,0,400.022,FFFE2F 53CE00 000000 000D14 8E502B 518A46
101,2020/081 19:04:42.791,3166,217,759,1,A79C0 00000 00001,2020/081 19:04:42.791,0,406062318.9,0,2.861,41.493,42.845,1.269,0.272,0,5001,0,399.975,FFFE2F 53CE00 000000 000D14 8650DA 736C4E
102,2020/081 19:03:51.997,3166,217,759,1,A79C0 00000 00001,2020/081 19:03:51.997,0,406062317.3,0,2.861,40.438,42.218,1.253,0.246,0,5000,0,400.022,FFFE2F 53CE00 000000 000D14 8E50C8 B16D37
103,2020/081 19:03:01.833,3166,217,759,1,A79C0 00000 00001,2020/081 19:03:01.833,0,406062315.9,0,2.861,40.749,43.002,1.251,0.238,0,5000,0,399.991,FFFE2F 53CE00 000000 000D14 8E50E4 633605
104,2020/081 19:02:13.957,3166,217,759,1,A79C0 00000 00001,2020/081 19:02:13.957,0,406062315.4,0,2.861,40.982,42.823,1.253,0.259,0,5000,0,399.975,FFFE2F 53CE00 000000 000D14 8E500D 64AD19
105,2020/081 19:01:24.437,3166,217,759,1,A79C0 00000 00001,2020/081 19:01:24.437,0,406062314.7,0,2.861,40.749,43.323,1.256,0.244,0,5000,0,400.037,FFFE2F 53CE00 000000 000D14 8E5096 E2BD1B
106,2020/081 19:00:36.310,3166,217,759,1,A79C0 00000 00001,2020/081 19:00:36.310,0,406062314.2,0,2.861,40.447,42.742,1.25,0.24,0,4999,0,400.083,FFFE2F 53CE00 000000 000D14 8E5049 FE0548
107,2020/081 18:59:47.831,3166,217,759,1,A79C0 00000 00001,2020/081 18:59:47.831,0,406062314.7,0,2.861,41.808,43.248,1.292,0.26,0,3750,0,400.022,FFFE2F 53CE00 000000 000D14 8E5041 C7FA4A
108,2020/081 18:58:57.654,3166,217,759,1,A79C0 00000 00001,2020/081 18:58:57.654,0,406062313.3,0,2.861,42.186,43.851,1.286,0.253,0,3750,0,400.022,FFFE2F 53CE00 000000 000D14 8E508D FA59F7
109,2020/081 18:58:05.537,3166,217,759,1,A79C0 00000 00001,2020/081 18:58:05.537,0,406062313,0,2.861,41.959,43.213,1.286,0.221,0,5000,0,400.052,FFFE2F 53CE00 000000 000D14 8E5032 52EBF0
110,2020/081 18:57:14.309,3166,217,759,1,A79C0 00000 00001,2020/081 18:57:14.309,0,406062312.1,0,3.815,41.851,43.242,1.281,0.165,0,78,0,399.975,FFFE2F 53CE00 000000 000D14 8E50C6 A55F45
111,2020/081 18:56:23.475,3166,217,759,1,A79C0 00000 00001,2020/081 18:56:23.475,0,406062313.3,0,2.861,42.122,43.672,1.248,0.248,0,5000,0,400.006,FFFE2F 53CE00 000000 000D14 8E5047 8D7852
112,2020/081 18:55:34.053,3166,217,759,1,A79C0 00000 00001,2020/081 18:55:34.053,0,406062312.8,0,4.768,42.083,43.837,1.276,0.164,0,79,1,399.96,FFFE2E 13CE00 000000 000D14 8E5029 B2AE20
113,2020/081 18:53:54.350,3166,217,759,1,A79C0 00000 00001,2020/081 18:53:54.350,0,406062315.2,0,2.861,43.413,45.229,1.244,0.238,0,5000,0,400.022,FFFE2F 53CE00 000000 000D14 8E50DF 22881D
114,2020/081 18:53:04.206,3166,217,759,1,A79C0 00000 00001,2020/081 18:53:04.206,0,406062315.8,0,3.815,40.82,42.836,1.249,0.165,0,78,0,400.068,FFFE2F 53CE00 000000 000D14 8E508A 6354C5
115,2020/081 18:52:13.413,3166,217,759,1,A79C0 00000 00001,2020/081 18:52:13.413,0,406062315.1,0,2.861,41.526,43.571,1.255,0.251,0,5000,0,399.975,FFFE2F 53CE00 000000 000D14 8E503D 158D3F
116,2020/081 18:51:21.180,3166,217,759,1,A79C0 00000 00001,2020/081 18:51:21.180,0,406062314.7,0,4.768,42.129,42.717,1.289,0.167,0,0,3,400.099,FFFECF 53CE00 000000 000D14 8E5027 A9C111
117,2020/081 18:50:30.417,3166,217,759,1,A79C0 00000 00001,2020/081 18:50:30.417,0,406062314.7,0,3.815,37.003,38.662,1.27,0.201,0,78,0,399.975,FFFE2F 53CE00 000000 000D14 8E50CE 013C93
118,2020/081 18:39:42.777,3166,217,759,1,A79C0 00000 00001,2020/081 18:39:42.777,0,406062298.7,0,2.861,40.347,42.54,1.251,0.239,0,5000,0,399.945,FFFE2F 53CE00 000000 000D14 8E5018 7F5C60
119,2020/081 18:38:50.996,3166,217,759,1,A79C0 00000 00001,2020/081 18:38:50.996,0,406062296.8,0,2.861,41.476,42.93,1.253,0.229,0,5000,0,400.022,FFFE2F 53CE00 000000 000D14 8E5064 08FC73
120,2020/081 18:38:02.456,3166,217,759,1,A79C0 00000 00001,2020/081 18:38:02.456,0,406062294.4,0,2.861,40.786,42.806,1.257,0.231,0,5001,0,399.975,FFFE2F 53CE00 000000 000D14 8E5018 D3EEDA
121,2020/081 18:37:13.938,3166,217,759,1,A79C0 00000 00001,2020/081 18:37:13.938,0,406062292.7,0,2.861,42.009,43.453,1.254,0.245,0,5000,0,400.022,FFFE2F 53CE00 000000 000D14 8E50FB 3C017F
122,2020/081 18:36:22.742,3166,217,759,1,A79C0 00000 00001,2020/081 18:36:22.742,0,406062290.5,0,2.861,41.364,43.124,1.251,0.235,0,5000,0,399.991,FFFE2F 53CE00 000000 000D14 8E502D BD67C9
123,2020/081 18:34:43.437,3166,217,759,1,A79C0 00000 00001,2020/081 18:34:43.437,0,406062284.5,0,2.861,40.478,42.701,1.247,0.23,0,5001,0,399.945,FFFE2F 53CE00 000000 000D14 8E5016 CD0ED6
124,2020/081 18:33:55.017,3166,217,759,1,A79C0 00000 00001,2020/081 18:33:55.017,0,406062282.5,0,2.861,39.709,42.061,1.248,0.255,0,5001,0,399.975,FFFE2F 53CE00 000000 000D14 8E50DA 83E353
125,2020/081 18:33:03.870,3166,217,759,1,A79C0 00000 00001,2020/081 18:33:03.870,0,406062281.5,0,2.861,40.704,42.522,1.249,0.251,0,4999,0,400.052,FFFE2F 53CE00 000000 000D14 8E50D0 154C8D
126,2020/081 18:32:15.385,3166,217,759,1,A79C0 00000 00001,2020/081 18:32:15.385,0,406062280.2,0,2.861,39.643,41.757,1.256,0.304,0,5000,0,399.975,FFFE2F 53CE00 000000 000D14 8E5088 A95D9A
127,2020/081 18:31:25.895,3166,217,759,1,A79C0 00000 00001,2020/081 18:31:25.895,0,406062278.3,0,4.768,40.905,42.003,1.272,0.218,0,78,0,400.022,FFFE2F 53CE00 020000 000D14 8E5034 CB9BB3
128,2020/081 18:30:37.784,3166,217,759,1,A79C0 00000 00001,2020/081 18:30:37.784,0,406062276.8,0,4.768,40.534,41.912,1.286,0.2,0,78,0,400.068,FFFE2F 51CE00 000000 000D14 8E509C E5590C
129,2020/081 18:29:46.005,3166,217,759,1,A79C0 00000 00001,2020/081 18:29:46.005,0,406062275.8,0,2.861,40.624,42.34,1.255,0.249,0,5000,0,400.037,FFFE2F 53CE00 000000 000D14 8E50DD FD5A92
130,2020/081 18:28:53.781,3166,217,759,1,A79C0 00000 00001,2020/081 18:28:53.781,0,406062273.3,0,2.861,41.519,42.985,1.25,0.252,0,5000,0,400.052,FFFE2F 53CE00 000000 000D14 8E5044 39D992
131,2020/081 18:28:04.259,3166,217,759,1,A79C0 00000 00001,2020/081 18:28:04.259,0,406062271,0,4.768,41.892,42.274,1.278,0.183,0,77,2,400.099,FFFE2C 53CE00 000000 000D14 8E5008 26CD73
132,2020/081 18:27:15.822,3166,217,759,1,A79C0 00000 00001,2020/081 18:27:15.822,0,406062269.3,0,2.861,41.239,42.828,1.254,0.267,0,5000,0,400.022,FFFE2F 53CE00 000000 000D14 8E5024 BCC266
133,2020/081 18:26:26.595,3166,217,759,1,A79C0 00000 00001,2020/081 18:26:26.595,0,406062267.9,0,2.861,41.852,43.338,1.252,0.25,0,5000,0,400.052,FFFE2F 53CE00 000000 000D14 8E50CB C78EC4
134,2020/081 18:24:45.262,3166,217,759,1,A79C0 00000 00001,2020/081 18:24:45.262,0,406062264.5,0,2.861,39.663,42.313,1.251,0.245,0,5000,0,399.975,FFFE2F 53CE00 000000 000D14 8E5097 8189EB
135,2020/081 18:23:54.700,3166,217,759,1,A79C0 00000 00001,2020/081 18:23:54.700,0,406062262.1,0,2.861,39.903,41.92,1.258,0.271,0,5000,0,399.991,FFFE2F 53CE00 000000 000D14 8E50C5 4346AC
136,2020/081 18:23:04.937,3166,217,759,1,A79C0 00000 00001,2020/081 18:23:04.937,0,406062259.7,0,2.861,41.344,42.385,1.253,0.25,0,5000,0,400.022,FFFE2F 53CE00 000000 000D14 8E5003 A8623D
137,2020/081 18:22:15.404,3166,217,759,1,A79C0 00000 00001,2020/081 18:22:15.404,0,406062256.2,0,2.861,40.644,42.317,1.258,0.284,0,5000,0,400.052,FFFE2F 53CE00 000000 000D14 8E50AA FC462D
138,2020/081 18:21:23.203,3166,217,759,1,A79C0 00000 00001,2020/081 18:21:23.203,0,406062253.4,0,2.861,40.646,42.209,1.258,0.271,0,4999,0,400.037,FFFE2F 53CE00 000000 000D14 8E503B 2683CC
139,2020/081 18:20:32.076,3166,217,759,1,A79C0 00000 00001,2020/081 18:20:32.076,0,406062250.3,0,2.861,41.501,43.36,1.249,0.243,0,5000,0,400.006,FFFE2F 53CE00 000000 000D14 8E50A2 D992AE
140,2020/081 18:19:39.843,3166,217,759,1,A79C0 00000 00001,2020/081 18:19:39.843,0,406062246.1,0,2.861,41.614,43.075,1.25,0.234,0,5000,0,399.975,FFFE2F 53CE00 000000 000D14 8E5072 DC811B
141,2020/081 18:18:50.007,3166,217,759,1,A79C0 00000 00001,2020/081 18:18:50.007,0,406062243.7,0,2.861,40.257,41.834,1.253,0.244,0,5000,0,400.022,FFFE2F 53CE00 000000 000D14 8E50B7 695AC2
142,2020/081 17:49:49.784,3166,217,759,5,A79C0 00000 00001,2020/081 17:49:49.784,0,406062213.2,0,10.49,40.756,41.796,1.264,0.233,2,78,0,400.006,FFFED0 53CE00 000000 000D14 8E5003 3786B2
143,2020/081 17:48:51.715,3166,217,759,1,A79C0 00000 00001,2020/081 17:48:51.715,0,406062187.1,0,2.861,40.607,43.867,1.264,0.27,0,5000,0,399.975,FFFE2F 53CE00 000000 000D14 8E505E 110EFF